[["Map",1,2,9,10],"meta::meta",["Map",3,4,5,6,7,8],"astro-version","5.7.10","content-config-digest","bfd4e75791c432d4","astro-config-digest","{\"root\":{},\"srcDir\":{},\"publicDir\":{},\"outDir\":{},\"cacheDir\":{},\"site\":\"https://astro-moon-landing.netlify.app/\",\"compressHTML\":true,\"base\":\"/\",\"trailingSlash\":\"ignore\",\"output\":\"static\",\"scopedStyleStrategy\":\"attribute\",\"build\":{\"format\":\"directory\",\"client\":{},\"server\":{},\"assets\":\"_astro\",\"serverEntry\":\"entry.mjs\",\"redirects\":true,\"inlineStylesheets\":\"auto\",\"concurrency\":1},\"server\":{\"open\":false,\"host\":false,\"port\":4321,\"streaming\":true,\"allowedHosts\":[]},\"redirects\":{},\"image\":{\"endpoint\":{\"route\":\"/_image\"},\"service\":{\"entrypoint\":\"astro/assets/services/sharp\",\"config\":{}},\"domains\":[],\"remotePatterns\":[]},\"devToolbar\":{\"enabled\":true},\"markdown\":{\"syntaxHighlight\":{\"type\":\"shiki\",\"excludeLangs\":[\"math\"]},\"shikiConfig\":{\"langs\":[],\"langAlias\":{},\"theme\":\"github-dark\",\"themes\":{},\"wrap\":false,\"transformers\":[]},\"remarkPlugins\":[],\"rehypePlugins\":[],\"remarkRehype\":{},\"gfm\":true,\"smartypants\":true},\"security\":{\"checkOrigin\":true},\"env\":{\"schema\":{},\"validateSecrets\":false},\"experimental\":{\"clientPrerender\":false,\"contentIntellisense\":false,\"responsiveImages\":false,\"headingIdCompat\":false,\"preserveScriptOrder\":false},\"legacy\":{\"collections\":false}}","showcase",["Map",11,12,22,23,33,34,44,45,55,56,66,67],"astro-docs",{"id":11,"data":13,"filePath":18,"assetImports":19,"digest":21},{"title":14,"image":15,"url":16,"featured":17},"Astro Docs","__ASTRO_IMAGE_/src/content/showcase/_images/astro-docs.png","https://docs.astro.build/",2,"src/content/showcase/astro-docs.json",[20],"/src/content/showcase/_images/astro-docs.png","5dcb725089ffc63a","corset",{"id":22,"data":24,"filePath":29,"assetImports":30,"digest":32},{"title":25,"image":26,"url":27,"featured":28},"Corset","__ASTRO_IMAGE_/src/content/showcase/_images/corset.png","https://corset.dev/",6,"src/content/showcase/corset.json",[31],"/src/content/showcase/_images/corset.png","3c5a7774aa804acf","designcember",{"id":33,"data":35,"filePath":40,"assetImports":41,"digest":43},{"title":36,"image":37,"url":38,"featured":39},"Designcember","__ASTRO_IMAGE_/src/content/showcase/_images/designcember.png","https://designcember.com/",4,"src/content/showcase/designcember.json",[42],"/src/content/showcase/_images/designcember.png","f85712545faa6cba","polinations",{"id":44,"data":46,"filePath":51,"assetImports":52,"digest":54},{"title":47,"image":48,"url":49,"featured":50},"PoliNations","__ASTRO_IMAGE_/src/content/showcase/_images/polinations.png","https://polinations.com/",1,"src/content/showcase/polinations.json",[53],"/src/content/showcase/_images/polinations.png","d93945376c259e37","divriots",{"id":55,"data":57,"filePath":62,"assetImports":63,"digest":65},{"title":58,"image":59,"url":60,"featured":61},"\u003Cdiv>RIOTS","__ASTRO_IMAGE_/src/content/showcase/_images/divriots.png","https://divriots.com/",3,"src/content/showcase/divriots.json",[64],"/src/content/showcase/_images/divriots.png","761f8bafcbf21a03","firebase-blog",{"id":66,"data":68,"filePath":73,"assetImports":74,"digest":76},{"title":69,"image":70,"url":71,"featured":72},"The Firebase Blog","__ASTRO_IMAGE_/src/content/showcase/_images/firebase-blog.png","https://firebase.blog/",5,"src/content/showcase/firebase-blog.json",[75],"/src/content/showcase/_images/firebase-blog.png","79f04e8e01908e35"]